Coste matricula,Online (si/no),ID Centro Asociado,ID Área Conocimiento,Número matriculados
842,0,1,2,100
1021,1,0,3,200
563,1,2,5,200
615,1,0,6,200
1821,1,13,2,100
1859,0,3,1,100
1821,0,4,8,300
1954,0,0,4,0
1445,1,0,7,0
509,1,2,5,0
769,1,0,5,300
1520,1,5,8,300
1815,0,2,4,100
803,1,7,4,200
1866,0,13,1,0
775,0,3,2,0
838,0,1,8,300
595,0,7,3,300
1131,1,11,5,100
682,1,4,4,100
772,0,12,7,300
1709,1,1,2,300
1949,0,4,4,100
1602,1,4,3,0
503,0,5,3,100
961,1,0,8,200
519,1,7,4,300
956,0,1,7,300
1453,0,12,2,200
851,0,3,5,0
1579,1,0,7,300
1568,1,16,8,0
1319,1,3,1,100
1310,1,0,4,300
644,1,0,8,0
725,0,16,8,100
589,1,1,4,100
1725,1,6,2,300
790,0,16,6,200
560,0,15,2,200
1347,0,5,1,200
1646,1,8,2,300
1253,1,5,2,100
1656,0,5,3,100
1195,1,1,2,0
1514,0,0,3,100
1723,1,1,8,300
1054,1,3,7,100
578,1,2,8,0
596,0,9,8,300
1547,1,2,3,200
1760,0,5,8,200
1654,1,0,2,300
1457,0,1,3,100
1073,1,0,7,200
1936,0,10,3,200
823,1,13,8,0
987,0,0,3,300
1757,0,8,6,100
1063,0,2,5,200
1484,0,3,3,100
799,1,1,8,0
1156,1,0,2,0
1720,0,15,2,200
702,0,2,3,200
616,0,13,3,300
1358,1,11,4,300
1866,0,0,3,300
1242,0,0,2,0
1166,0,0,4,300
1448,1,6,7,300
1407,1,1,4,200
605,0,8,3,0
1038,0,3,1,300
797,1,4,4,0
819,0,8,6,100
1114,0,4,3,0
1234,1,1,1,0
1199,1,15,4,300
1103,0,6,6,100
1589,1,0,7,300
999,0,11,4,200
1510,1,2,5,300
1008,0,11,3,100
1127,1,5,1,100
1412,1,5,8,100
1496,1,4,5,0
1083,1,1,3,300
668,0,0,5,200
1309,0,0,4,200
1724,0,2,3,300
1977,1,7,7,200
885,0,0,7,0
879,1,11,6,0
1322,0,6,3,100
1137,1,18,3,300
1355,0,10,5,0
1665,1,3,6,200
657,0,0,2,0
593,0,6,7,100
1883,1,3,6,300
1732,1,4,8,100
543,0,0,5,100
1939,1,0,4,0
553,0,1,7,0
832,0,2,4,100
1661,0,5,5,300
1657,1,3,5,300
1135,1,0,1,300
1775,1,3,1,300
783,0,0,3,100
617,1,0,7,100
867,0,0,6,0
1310,1,13,5,200
1804,0,9,7,300
1900,1,1,7,300
909,1,0,8,200
1084,1,3,3,100
1308,0,8,1,0
1778,0,0,3,100
1701,1,3,8,200
772,1,1,4,300
825,1,7,3,300
1379,0,5,2,300
1166,0,3,5,200
1659,0,5,1,300
826,1,0,4,200
1564,0,4,6,100
1957,0,11,3,300
1571,0,0,6,0
1414,0,2,7,300
1790,0,9,1,100
645,0,1,7,200
668,0,7,8,100
1652,1,1,4,200
1213,1,0,5,200
1272,1,0,6,100
866,0,5,8,300
536,0,12,7,0
523,0,1,8,0
1753,0,0,1,200
1218,0,1,3,0
1537,1,4,1,300
786,0,0,7,200
1678,0,3,3,0
1814,0,1,2,300
1101,0,0,2,100
1461,0,3,7,300
1216,0,4,3,200
506,0,6,1,200
843,1,1,5,100
742,0,4,7,300
1692,1,3,6,100
1485,0,2,2,200
1547,0,6,2,0
1692,0,4,1,100
637,0,3,4,0
1224,0,16,6,0
1356,0,0,6,300
1840,0,12,1,100
1481,1,4,5,200
961,1,10,6,200
1296,0,0,5,0
1193,0,11,1,0
1441,0,11,8,200
517,0,3,4,300
748,1,0,8,100
1126,1,2,6,200
1572,0,0,7,300
1569,0,17,4,100
1270,1,2,7,300
1854,0,2,5,100
625,1,5,4,200
1577,0,0,5,200
534,0,0,5,300
946,0,8,6,200
685,0,2,7,0
1949,0,0,5,300
947,0,0,2,200
801,1,2,7,100
703,1,12,1,0
1165,1,11,6,0
1082,0,0,8,200
959,1,15,4,300
1502,1,0,5,300
1380,1,1,3,0
1266,0,0,6,200
1934,1,0,1,300
1905,1,3,1,100
1831,0,2,5,300
596,0,8,1,100
1562,1,1,5,200
1490,1,4,8,300
1523,1,5,2,300
640,0,0,4,200
1526,0,1,7,200
1989,0,0,3,200
1308,0,0,3,300
609,0,3,4,100
1905,0,9,3,100
1703,1,0,1,0
1445,1,7,7,100
1087,0,0,3,0
671,0,10,7,200
1472,1,6,6,200
765,0,0,8,200
1642,0,16,6,200
1265,0,7,5,100
664,1,1,7,300
1277,1,0,6,300
1395,0,0,3,200
1539,1,0,8,200
1049,1,9,5,0
1827,0,4,5,200
903,0,0,1,0
1987,1,3,3,300
1154,0,0,8,0
1336,0,5,5,100
1886,0,0,3,100
1551,0,4,5,300
850,1,6,5,0
660,0,5,2,0
1225,1,8,4,300
1452,1,1,6,200
1686,1,3,4,300
1634,1,1,2,300
1708,1,18,1,300
1151,1,0,8,200
1578,0,2,4,200
1689,0,17,3,300
1488,0,1,5,300
1313,1,4,1,300
1715,0,4,8,0
1442,0,0,3,100
528,0,12,2,200
1523,1,6,1,0
1133,0,3,5,100
1718,1,14,5,300
1330,0,0,7,100
1799,1,0,4,0
633,1,0,8,200
724,0,0,7,200
822,1,0,6,300
1918,0,2,5,200
1891,0,7,7,300
1373,1,2,7,300
862,1,3,2,0
1273,0,3,4,100
957,1,4,5,100
1617,1,3,2,0
893,0,0,2,200
1210,0,0,5,200
708,1,0,8,100
835,0,2,4,0
1450,1,9,1,0
973,1,5,7,200
601,1,4,4,0
507,1,1,7,100
564,0,0,3,0
1559,1,6,6,300
754,0,7,7,100
728,0,0,4,100
1431,1,0,1,0
767,0,4,4,0
1722,0,8,2,300
1992,1,5,2,100
1876,0,10,6,300
1054,0,10,6,100
1283,1,4,5,200
1281,1,0,1,100
1066,0,2,7,0
730,0,0,8,0
1053,1,7,1,300
1611,1,11,3,100
793,0,5,2,200
1220,0,3,4,200
1662,0,0,4,300
1281,1,3,4,100
538,0,12,7,0
823,1,0,8,0
1733,1,3,6,300
1429,0,0,3,300
1839,1,9,7,100
659,0,6,3,100
1953,1,7,8,200
1172,0,0,1,100
612,1,6,7,300
1563,0,0,8,300
1191,0,16,1,100
615,1,0,6,100
1893,1,8,2,300
1563,0,10,7,300
1995,1,6,6,200
1517,0,6,5,300
832,0,1,5,0
1162,0,0,7,100
1595,1,7,8,300
1329,1,1,6,100
928,1,11,8,0
1656,1,8,7,100
1937,1,17,1,300
977,1,2,6,0
768,1,16,1,0
1464,1,11,2,300
1177,0,1,2,0
1348,0,18,3,100
1956,0,0,3,100
1751,0,6,6,200
1530,0,11,6,0
1997,1,1,4,200
1414,1,5,2,300
1707,0,0,7,200
894,0,1,3,300
645,0,6,8,0
1163,0,0,2,200
1126,0,3,8,300
1648,0,6,4,100
1170,1,6,2,0
508,0,7,1,0
1097,0,6,3,100
728,0,0,2,0
1980,0,2,1,300
1504,0,1,1,300
1379,1,14,1,0
1698,0,5,6,0
920,0,5,7,0
1144,1,0,1,200
1995,1,6,1,100
1430,0,1,1,200
972,1,5,5,100
662,0,5,1,100
1867,0,0,6,100
1730,0,0,4,100
1723,1,1,3,100
1882,1,8,2,200
803,0,0,4,200
580,1,0,3,300
668,0,2,1,0
1391,0,2,1,200
1560,0,0,7,200
821,0,5,3,200
811,1,5,6,100
1989,1,8,8,200
1034,1,6,7,300
618,0,2,1,0
654,1,0,4,100
576,1,2,5,200
667,1,6,6,200
869,1,7,1,200
635,1,2,3,200
609,1,15,1,100
1557,0,16,5,300
1604,1,2,8,0
1182,0,7,8,200
848,1,10,7,200
1610,1,7,4,100
1828,1,0,1,200
880,0,1,7,0
1394,1,10,5,0
1960,1,1,7,300
809,0,10,7,100
899,0,13,2,0
1976,1,4,2,300
879,0,0,4,200
916,1,0,4,0
763,0,8,8,0
508,0,0,6,200
825,0,0,8,300
1864,0,8,1,200
1725,0,8,6,100
1108,1,10,2,300
1011,0,4,7,100
1703,1,17,5,300
1067,1,0,7,0
1334,1,5,5,300
775,1,0,7,200
1899,1,0,2,0
930,1,1,6,100
1058,0,2,4,0
1187,1,0,2,300
1874,1,10,7,100
1482,0,2,7,200
1809,1,3,3,200
864,1,0,2,200
625,1,12,1,200
1880,1,4,3,300
1138,0,12,8,300
560,0,14,8,100
1117,0,1,7,200
1712,0,1,7,300
1836,1,3,6,300
1036,1,0,7,100
1860,1,15,4,300
1375,1,3,7,300
1945,0,0,4,100
1896,0,8,2,300
788,0,4,8,300
880,1,0,2,0
1323,1,10,4,100
1868,0,0,1,300
1266,0,0,3,200
1042,0,16,7,300
1479,0,8,3,300
1476,1,0,4,200
1552,1,6,6,200
1454,1,1,4,300
1007,0,0,5,300
652,1,9,5,0
1504,0,12,8,200
1726,1,2,4,200
1029,1,5,5,0
1582,0,2,6,300
1478,1,12,5,100
1178,1,0,5,200
707,0,2,3,300
755,1,5,4,200
912,1,1,8,100
651,1,2,5,100
1483,0,1,7,100
914,1,2,2,0
1456,1,7,5,100
1178,0,6,3,200
1503,1,10,4,200
1681,1,2,2,0
715,0,4,4,200
1876,0,3,3,200
1190,1,9,6,0
1755,1,0,7,300
1197,0,3,6,100
1048,1,10,2,100
1887,1,6,8,300
1772,1,3,8,100
1421,0,0,1,300
1464,0,0,6,100
728,0,4,4,0
954,1,0,2,0
685,0,8,7,300
1472,0,1,6,100
853,1,10,2,300
1469,0,0,7,0
1310,1,6,8,0
1654,0,1,7,100
902,1,3,7,300
1448,0,13,3,100
1631,0,2,7,0
1608,0,7,2,0
1991,1,5,2,200
1349,0,15,5,200
1589,0,5,1,200
1844,1,1,8,100
712,1,3,2,100
972,1,0,3,100
1406,0,2,3,300
1289,0,10,6,0
932,0,1,7,300
1747,1,6,3,200
1172,1,4,3,100
1128,1,12,5,300
664,0,0,5,100
513,1,6,4,0
1742,0,9,7,200
1512,1,12,7,200
1986,0,3,8,100
965,1,5,2,0
1067,1,3,8,0
1583,1,5,3,300
1653,0,2,4,300
1433,0,7,8,0
765,0,0,7,0
1845,1,10,1,100
752,0,1,7,300
1948,0,8,5,300
1077,0,0,3,100
932,1,1,4,0
1968,0,0,3,200
1122,0,9,4,200
1588,0,0,1,300
601,0,4,4,0
1615,0,14,4,300
1589,1,2,4,300
1417,1,2,6,0
1697,1,1,1,300
1330,1,14,5,0
1476,0,0,2,300
1579,1,0,6,100
1277,0,0,4,0
1089,1,12,5,200
1663,1,13,4,200
1949,0,0,5,100
1138,0,5,3,200
685,0,7,6,0
1889,0,5,1,300
857,1,3,7,200
1902,0,6,8,0
1225,1,0,5,100
1066,0,5,5,200
1554,1,11,3,300
1337,0,13,2,100
1926,1,1,3,200
869,0,3,2,300
1278,1,1,8,0
1773,1,16,6,300
1661,1,1,7,100
1438,0,0,7,0
1661,1,0,2,0
1846,1,1,1,100
1260,1,2,7,200
512,1,7,3,200
581,0,0,5,200
1872,1,6,3,200
687,1,9,4,300
1062,1,6,1,300
1678,1,11,1,0
1417,1,10,4,100
1074,0,2,6,100
1832,0,2,7,200
1039,0,0,8,100
1059,0,8,3,300
1606,0,3,4,300
1928,1,9,3,300
1875,1,11,1,300
1128,1,9,8,100
1748,0,6,3,300
1413,0,5,5,300
825,0,0,2,300
1589,1,3,8,300
535,1,8,8,200
1780,1,6,4,300
1671,0,7,2,200
1821,0,9,1,200
1076,1,3,6,0
532,1,3,5,0
777,1,3,5,300
1217,1,3,4,100
1656,1,0,7,200
1185,0,0,8,200
577,0,8,6,0
737,1,7,4,200
704,0,4,6,200
525,1,5,8,100
504,1,5,1,0
793,0,1,4,300
569,0,2,8,100
1590,0,3,5,100
707,0,0,2,100
767,0,16,6,100
1350,1,0,8,100
1117,1,0,2,200
641,1,0,1,200
1002,0,0,2,100
1408,1,10,5,300
1900,1,1,8,100
726,0,0,8,0
1544,0,12,8,100
1454,1,6,4,0
1230,1,6,5,0
1552,0,10,8,200
1519,0,0,1,200
723,1,4,1,200
1191,0,2,1,0
1168,0,9,8,300
1229,0,15,2,100
1758,1,11,8,200
1290,0,0,6,100
574,0,16,6,200
1271,1,12,7,0
1170,1,4,8,0
1269,1,14,2,100
1288,0,15,2,300
1366,1,0,2,300
1572,1,7,5,300
1627,0,9,6,300
1701,1,13,2,300
1900,1,0,1,300
1974,0,4,7,0
1197,1,9,5,200
587,1,4,1,200
934,0,7,5,0
1195,0,1,4,0
1853,1,2,1,300
1164,0,4,8,300
1512,1,8,3,300
1232,0,1,5,0
1813,1,0,3,0
946,1,17,3,300
739,1,2,3,0
704,1,8,1,0
1663,1,0,4,100
1966,1,2,8,200
1219,0,0,5,0
612,1,6,5,200
1658,1,0,1,300
1263,0,12,5,100
1395,1,0,3,300
621,1,0,4,200
652,0,1,3,0
1175,0,10,2,200
561,1,0,8,200
1137,0,6,5,0
1835,1,4,7,0
1170,0,2,6,100
1595,1,0,4,300
1719,1,0,8,0
1770,0,0,7,100
1312,0,0,2,100
1878,0,5,5,200
1871,1,7,7,200
922,0,1,7,0
1975,1,6,8,200
1212,0,1,4,200
1430,1,3,3,0
1958,1,0,2,100
1836,1,0,7,300
557,1,0,3,0
539,1,9,7,200
880,0,1,8,200
1369,1,6,1,300
1109,1,1,1,100
843,0,0,5,300
598,0,7,2,200
972,1,1,4,200
1944,1,5,6,100
1225,0,0,7,200
644,1,7,1,200
1919,0,5,4,100
501,0,12,4,100
1620,1,0,3,0
1227,1,0,3,100
1359,1,1,6,0
1914,0,1,8,100
1645,1,1,7,0
1063,1,0,5,300
946,0,0,8,100
1231,0,5,3,100
1397,0,13,6,300
701,1,7,3,100
570,1,2,7,300
1993,1,10,8,200
955,0,4,5,100
924,0,0,8,100
600,0,0,5,0
518,0,0,7,200
1063,1,0,6,0
920,1,2,3,200
1715,0,4,5,0
1841,1,6,8,200
543,1,4,5,0
1762,1,13,1,100
1112,1,1,4,300
709,1,0,1,100
1315,1,7,7,200
1762,1,10,8,200
1462,1,1,7,0
571,0,8,7,100
666,1,7,3,0
1994,0,2,8,300
1583,1,11,7,200
1778,0,3,4,100
1926,1,13,6,300
966,1,9,4,200
568,0,1,3,0
1897,0,1,8,0
1695,0,6,3,100
1623,1,6,7,200
914,1,0,4,0
1721,1,4,4,0
890,1,4,8,0
600,0,1,3,200
1677,0,4,6,300
723,0,0,4,100
638,0,11,4,200
852,0,4,7,100
1979,1,0,7,0
710,1,6,5,0
1034,0,2,3,0
600,0,8,1,200
1027,0,2,2,300
1260,0,5,6,200
1793,0,10,6,300
675,0,10,5,0
658,1,0,7,300
1694,1,0,7,200
804,1,12,1,100
1713,0,1,7,200
706,0,13,3,100
1362,0,3,7,0
1527,0,10,5,200
768,0,0,2,0
1314,0,8,4,0
705,1,5,6,100
1403,0,2,5,300
1486,0,7,4,0
781,0,2,5,300
986,1,1,8,100
1310,0,0,1,100
560,1,6,3,100
1348,0,0,5,300
1567,0,3,6,200
1940,1,4,5,200
1979,1,0,3,0
561,1,7,3,0
1717,1,1,1,300
535,0,1,1,0
1413,0,4,5,300
1358,0,0,7,300
1519,0,2,7,200
1254,0,2,5,300
1591,1,3,6,300
977,1,2,2,300
1640,1,10,7,0
663,0,0,2,200
1744,1,1,8,100
1624,0,8,2,200
1108,1,14,7,0
1188,1,0,2,300
817,0,0,3,100
863,0,5,4,0
1397,0,5,3,100
1108,0,3,5,300
1068,0,1,7,100
1702,1,12,2,300
808,0,0,4,300
1156,0,6,7,100
1271,0,2,8,0
696,0,6,3,100
1981,1,13,6,100
614,0,0,7,200
1590,0,0,3,100
1945,0,4,3,300
1135,1,9,1,300
1049,0,8,6,0
1807,1,2,1,200
984,1,13,7,0
720,1,0,7,300
1536,0,12,7,200
771,1,3,4,0
503,0,3,6,0
675,0,1,7,200
1936,1,13,7,100
1303,0,0,3,200
1004,1,0,6,300
1972,0,0,2,300
1822,0,0,6,200
1159,1,5,1,100
1782,1,6,1,200
894,0,16,8,200
1884,0,7,1,300
1648,1,1,2,100
798,0,5,3,200
802,1,1,3,300
1276,1,2,2,300
1331,1,0,2,100
1620,0,6,6,100
1996,0,5,4,200
1092,0,8,1,100
1018,1,7,5,200
545,0,0,3,0
554,1,0,6,200
1264,0,2,3,0
1030,0,3,6,300
1432,1,6,4,0
558,1,1,5,0
829,0,0,7,0
1741,1,0,8,300
1849,1,7,5,300
733,0,5,7,0
1872,1,0,2,200
1853,0,1,6,200
1149,1,4,6,300
891,0,9,2,100
1911,1,7,8,300
550,1,16,2,0
576,0,0,2,100
1760,0,1,1,200
969,0,0,7,0
1160,0,1,3,0
827,0,2,2,0
1786,0,9,7,300
774,1,2,1,200
819,1,0,8,0
1042,0,15,5,200
1368,0,10,7,200
1592,0,6,2,100
1067,0,11,1,0
1892,1,5,4,200
915,0,6,8,0
774,1,7,3,300
1848,1,2,2,300
1501,0,12,1,200
1614,0,8,3,300
911,1,0,5,0
1520,0,1,5,300
1647,0,3,6,200
1347,0,8,6,300
967,1,4,8,200
1442,0,0,5,200
1204,1,0,7,100
1320,0,0,7,0
1800,1,2,7,300
1567,0,3,3,300
1439,0,12,1,100
1422,0,15,1,0
1591,1,4,3,0
880,0,2,4,200
1929,1,0,6,100
1642,1,0,5,200
1511,0,3,3,300
1312,0,5,2,300
1852,0,4,1,300
972,1,8,7,300
691,1,4,4,0
807,0,9,5,0
1113,0,0,1,0
721,1,10,1,100
1188,1,0,6,0
1512,1,1,1,200
805,1,0,4,0
918,0,1,7,100
1320,0,7,5,200
1236,0,2,1,0
1387,0,0,3,0
1883,1,6,2,300
839,0,0,7,300
1593,1,0,8,100
1722,1,7,6,300
1954,0,8,3,300
1788,1,15,6,200
1628,0,5,6,300
1965,0,6,7,300
833,1,4,1,100
571,0,1,3,100
1808,1,1,2,300
1860,0,2,6,0
1368,1,4,7,300
1161,0,0,8,300
1224,1,9,1,300
902,1,0,5,300
787,1,15,1,200
854,0,2,8,200
1184,0,1,1,300
1973,0,5,4,200
510,0,3,3,100
966,0,8,2,300
1438,1,3,8,200
1986,0,7,3,300
1907,0,13,7,0
1489,0,8,1,0
1843,1,13,6,300
825,1,11,3,0
1286,1,10,2,0
840,0,0,7,300
757,0,5,4,200
814,1,2,2,100
1195,1,2,6,0
767,0,7,4,200
1068,0,6,8,100
994,1,0,3,200
1550,1,6,2,200
1878,1,9,8,100
623,0,2,3,200
1829,1,0,5,200
525,0,11,7,0
1065,1,0,2,200
1425,0,9,8,0
1296,0,3,7,200
642,0,3,2,200
1664,1,9,7,200
1498,1,3,7,300
981,1,0,3,0
1236,1,6,4,0
1673,0,7,3,300
712,1,6,2,300
569,1,10,3,100
603,1,0,6,0
1332,0,2,2,100
1413,0,0,1,0
1064,0,1,6,0
1444,0,2,5,300
1366,1,5,5,300
906,0,7,2,300
1554,0,3,5,0
1187,0,0,6,200
1156,1,1,3,200
1918,0,1,1,100
841,1,8,6,200
730,1,6,7,200
878,1,13,4,200
1059,0,0,8,0
1578,0,8,1,300
1829,0,0,5,100
1132,0,0,1,100
1652,0,4,7,300
912,0,0,5,300
1181,0,12,2,100
1497,1,5,3,200
1790,1,3,3,300
1742,1,3,1,200
1549,1,4,5,200
1372,1,7,4,0
1112,0,0,4,300
1005,0,0,8,300
783,1,9,6,0
1698,0,10,2,200
899,1,3,4,200
1062,0,3,3,0
989,1,4,3,300
1983,1,6,1,300
1800,1,5,1,0
1254,0,0,3,100
868,0,0,4,100
1205,0,3,4,0
1284,1,0,2,100
626,0,2,2,200
1763,0,1,4,100
694,1,15,4,300
1265,0,4,1,100
816,1,4,3,0
904,0,3,3,0
979,0,0,7,300
1531,0,0,6,200
934,0,2,8,0
1624,1,0,3,100
874,0,5,1,0
1027,1,0,5,100
1966,0,15,1,200
1048,1,2,1,100
1496,1,13,4,100
959,1,15,4,200
1349,1,5,7,200
1689,1,0,2,0
1558,1,0,1,300
582,0,3,3,200
1485,0,3,4,300
1991,1,11,3,100
553,0,2,3,200
1231,0,2,1,300
805,0,1,6,300
764,1,1,8,200
894,0,5,3,200
1589,0,9,3,200
1456,0,9,8,300
743,0,0,2,0
1061,1,3,7,0
1428,1,0,4,100
674,1,0,3,0
832,0,0,6,300
1625,1,2,8,0
907,0,3,1,0
1631,0,2,2,200
1584,1,6,4,100
1382,1,7,2,100
633,1,0,6,100
1444,1,9,7,300
852,1,6,5,0
922,1,0,8,100
1745,0,4,3,300
862,0,9,8,300
1754,1,1,4,300
1008,0,3,1,100
1569,0,3,1,300
1596,0,7,2,200
1807,1,2,6,300
1660,0,4,1,100
1861,1,4,7,100
648,0,4,5,200
1379,0,1,8,300
1910,1,0,2,0
1807,0,0,8,0
1923,0,7,1,100
1345,1,7,3,100
904,0,5,8,100
1239,0,5,2,0
1330,0,6,4,300
516,1,1,1,200
672,1,0,4,0
892,1,0,1,100
1778,0,0,6,300
1130,1,4,5,0
1359,0,4,2,300
1866,1,3,5,100
1597,0,11,1,0
1046,1,0,8,300
1035,0,2,3,300
1175,1,2,7,100
1261,1,0,4,0
1068,0,9,4,0
1713,0,5,7,0
1688,0,0,7,300
1413,1,4,5,300
559,1,10,5,100
1483,1,13,7,100
860,1,13,7,100
1090,0,5,4,100
686,1,11,6,0
818,0,14,6,0
1456,0,5,3,300
774,0,2,2,200
1068,0,0,8,0
1373,1,1,6,300
1777,1,3,6,300
594,0,2,5,200
1524,0,5,2,0
511,1,12,3,0
1402,1,3,7,0
965,1,15,8,200
1270,1,0,5,300
919,0,11,1,0
1963,1,16,2,100
1977,0,2,8,300
1881,0,4,5,100
683,0,5,4,200
772,0,7,2,0
536,1,0,3,0
1694,0,0,6,200
1633,0,3,2,0
1371,0,4,4,200
551,1,0,7,0
1221,0,1,1,300
1000,1,12,8,300
1986,0,3,4,100
1119,0,0,4,300
1699,0,1,4,300
1099,0,13,3,100
1576,0,7,3,0
950,1,9,5,0
1081,1,13,3,0
606,0,1,4,0
502,0,7,2,100
957,1,0,2,100
1658,1,0,5,200
1681,1,6,1,200
1983,1,3,6,200
1753,0,8,7,100
1632,1,0,4,200
1949,1,7,7,0
1696,0,1,3,0
688,0,0,7,300
1104,0,1,2,0
1122,0,0,3,100
504,1,2,5,100
1154,0,12,7,0
1727,0,2,7,300
1674,0,0,3,200
1948,0,5,2,0
1218,1,3,7,100
531,0,10,7,200
1057,0,4,5,300
576,0,1,8,200
1960,1,1,7,300
673,1,3,1,100
718,0,0,1,100
864,0,3,3,100
547,0,1,5,100
623,1,1,8,300
1793,0,11,5,100
1720,1,0,2,100
812,0,1,4,200
980,1,0,6,200
643,0,9,8,100
1925,0,0,8,200
1408,1,3,4,300
1522,1,4,1,100
587,1,16,1,200
1959,0,5,6,0
1872,0,3,6,100
1043,1,7,3,0
1809,0,6,6,300
1703,1,5,6,0
1095,1,4,1,0
1414,0,1,4,0
1659,1,2,7,0
1540,0,1,7,100
1342,0,0,7,300
1189,1,13,3,0
518,1,0,6,100
1449,0,3,1,100
516,0,0,5,0
1569,0,8,3,300
1312,1,0,6,300
1893,1,1,8,200
1076,0,3,5,100
530,1,1,6,0
1044,1,7,4,100
1330,0,11,7,200
1836,0,0,5,200
1741,1,1,5,200
1869,0,0,1,100
1331,0,8,3,100
1655,1,6,3,0
605,0,9,2,100
1245,1,2,5,200
1709,1,8,2,200
846,1,0,4,200
1403,1,3,4,0
688,1,0,3,0
775,1,1,7,100
1154,0,6,5,300
1375,0,2,2,100
1827,1,4,7,300
1697,0,0,4,0
741,0,1,5,0
1672,1,13,1,100
514,1,4,3,0
1375,1,2,1,300
989,1,4,1,100
1510,1,11,2,0
1266,0,1,7,0
1396,0,0,7,200
808,0,3,1,300
1542,0,1,2,300
745,1,5,8,100
1735,1,0,6,300
586,0,1,2,300
1341,1,0,8,100
781,1,1,2,300
501,1,14,6,200
1224,1,2,2,0
1970,0,11,8,200
618,1,0,2,200
1537,0,11,4,300
1018,0,8,8,300
1545,0,15,5,300
1871,0,4,8,300
1729,1,1,1,100
680,1,9,3,200
1106,1,4,3,200
635,1,1,5,100
618,0,8,1,200
1671,0,13,8,0
1562,1,0,7,200
1975,1,2,1,300
831,1,2,8,200
1524,1,0,4,200
1528,1,3,5,100
1447,1,2,8,0
1344,0,1,1,100
564,0,1,2,100
921,0,1,2,0
1413,1,2,6,200
831,0,10,6,0
802,0,3,5,200
1923,0,3,4,200
1193,1,10,3,200
904,1,10,3,200
1285,0,1,7,100
1635,0,0,4,200
1923,0,5,4,200
1851,1,3,6,0
727,1,0,7,100
1396,0,0,6,100
877,0,9,1,200
696,1,11,3,100
1009,1,2,8,100
1526,0,2,5,300
987,0,1,7,0
1414,1,0,4,100
1732,0,2,5,300
1587,1,0,8,0
1097,0,10,7,200
504,0,0,3,0
1159,0,13,8,200
1910,0,0,7,200
865,0,8,3,200
1930,1,11,8,200
860,1,8,3,200
1268,1,9,6,0
999,1,0,4,0
622,0,0,2,200
1250,1,8,7,100
763,1,9,5,200
1100,1,12,8,0
815,0,4,6,300
618,1,2,3,100
553,1,0,2,300
673,1,2,2,200
563,0,3,7,200
1590,0,12,4,300
1031,1,2,2,200
909,1,9,3,0
1880,0,0,4,300
1479,1,0,6,300
1271,0,0,1,100
709,0,11,8,0
1744,0,0,1,0
1314,1,0,7,300
1136,0,0,6,200
1039,1,11,8,200
1300,1,5,6,0
732,1,7,7,300
511,0,1,2,200
1092,1,10,3,0
921,1,12,7,300
1030,1,4,1,200
1130,0,0,1,0
1299,0,2,8,100
1009,1,7,7,200
1735,0,16,2,200
1129,1,0,2,100
708,0,0,7,0
894,0,2,2,200
530,0,1,6,0
1481,1,0,3,200
1068,0,0,5,100
1487,0,6,3,200
1524,0,11,4,100
1093,0,2,8,100
1816,1,0,5,300
627,0,2,3,0
989,1,13,3,100
1895,0,2,1,100
805,1,0,3,200
713,1,7,8,0
864,0,10,4,300
1177,0,1,4,100
582,0,8,3,200
1898,0,3,7,200
1158,0,1,2,100
1451,1,5,8,300
1820,1,5,7,200
984,0,3,3,0
580,1,0,4,200
1263,1,0,6,200
1237,0,2,8,200
514,1,7,1,300
1515,0,0,3,0
721,0,6,4,0
603,1,3,3,300
1426,1,2,1,200
1820,1,0,1,100
1215,0,4,4,200
697,0,5,2,0
717,1,4,1,0
1348,1,5,6,200
1164,1,0,1,300
578,1,9,5,200
1971,1,0,7,0
1794,1,5,7,0
1558,1,2,5,0
1597,1,4,1,200
1240,0,0,2,300
1994,1,2,8,0
1221,0,7,7,200
989,1,11,8,200
1180,1,5,4,100
718,0,10,6,100
1670,1,0,8,100
534,1,1,7,200
1566,1,0,2,100
1935,0,0,5,0
504,1,2,2,200
913,0,1,1,100
1317,0,2,5,300
917,1,1,6,300
712,0,1,6,0
1083,0,6,2,0
1039,0,5,6,200
1747,0,4,6,300
1449,1,0,6,100
1872,1,14,7,300
1796,0,5,4,100
1097,0,0,1,0
1562,0,1,8,300
1433,1,8,7,300
740,0,1,1,0
676,0,1,1,100
503,1,1,1,300
1020,0,13,3,100
896,0,3,1,100
1824,1,4,2,200
1512,0,1,3,300
1053,0,7,6,0
1944,1,0,4,300
1174,0,1,2,0
627,1,3,7,100
1602,0,4,1,100
1733,1,4,1,300
586,0,10,8,200
1528,0,2,8,0
875,0,2,7,0
1602,0,12,1,300
1426,0,4,5,100
1370,0,5,6,300
609,1,4,6,100
840,0,5,6,200
991,0,2,5,200
1724,1,0,2,300
584,1,0,3,0
860,1,1,6,300
1541,1,10,5,100
615,1,7,5,100
912,1,6,4,0
1278,1,10,7,300
1365,0,0,4,0
1702,0,7,5,200
589,1,1,8,0
1347,0,10,1,200
1644,0,0,8,200
956,0,1,7,300
1089,0,10,7,200
871,0,2,3,0
664,0,5,2,300
1874,1,1,2,100
1928,0,5,5,0
888,0,2,2,300
1077,1,1,7,300
1023,1,5,8,100
1426,1,2,3,100
831,0,7,5,0
1496,1,0,3,300
1433,1,2,5,100
1095,1,0,4,300
643,1,3,1,100
1142,1,0,4,100
730,1,3,5,200
1901,1,5,2,0
1510,0,1,3,100
1924,0,0,6,300
1825,0,13,4,300
1275,1,3,1,300
987,1,9,7,300
1538,1,6,7,100
1965,1,4,5,300
808,0,7,6,0
712,0,6,2,100
1507,1,0,5,100
912,0,3,3,0
769,1,2,8,100
948,0,14,5,300
507,1,0,1,100
1384,1,15,3,100
1766,1,1,8,200
1407,0,5,4,100
614,0,3,4,100
1972,0,9,7,100
1039,0,8,8,100
511,1,5,8,200
1811,1,4,4,200
1159,0,3,4,200
1848,0,7,2,300
1988,1,0,8,300
1469,0,3,7,200
1423,0,12,5,100
1974,0,9,6,100
835,0,2,5,200
1429,0,8,5,100
947,1,1,2,200
1446,1,0,8,300
1332,0,5,7,200
1498,1,0,4,0
1576,1,0,2,300
1398,0,8,1,300
1885,0,12,4,100
798,1,7,2,200
1436,0,0,8,300
1998,1,8,8,200
1321,1,0,8,100
1021,0,7,2,100
1339,1,0,2,200
1210,1,9,4,100
1949,1,2,5,100
882,0,9,6,0
1549,1,0,5,0
1991,0,1,1,0
796,0,2,1,0
1012,0,4,4,200
1318,0,0,2,100
1708,0,8,4,100
598,1,8,8,200
541,1,4,8,0
818,0,2,5,200
1414,0,0,2,0
601,1,3,4,200
561,1,2,7,200
1616,1,3,5,0
1263,1,1,2,300
1604,1,0,5,100
539,0,1,4,0
1071,0,0,4,300
826,0,0,2,0
771,0,2,1,100
1811,0,0,8,300
1842,1,7,4,300
1420,0,1,8,0
1763,0,12,3,0
1163,1,6,5,100
1805,1,0,4,100
610,1,9,4,300
1533,1,18,4,200
1924,0,3,2,300
1801,0,6,6,0
1726,1,1,5,200
794,0,15,3,100
1686,1,4,5,0
1444,1,0,1,0
1004,0,0,8,0
1242,1,8,4,0
539,0,6,6,300
717,0,2,8,0
1540,0,0,7,0
672,0,7,8,0
1325,1,0,4,300
950,0,6,8,0
948,0,6,4,200
1328,1,5,3,200
1447,0,3,2,0
1973,1,3,8,100
1731,1,18,4,100
1617,0,1,2,200
1791,1,1,5,0
851,0,7,2,0
856,0,0,1,100
714,1,1,4,100
951,0,6,2,0
1303,1,6,8,200
1550,1,2,7,200
1759,1,10,4,200
1448,0,18,5,0
1987,1,0,8,100
908,0,1,5,300
820,0,2,4,0
904,0,4,6,0
667,0,4,6,200
1109,0,1,1,200
1333,0,3,7,300
1352,0,5,6,100
1600,0,1,6,100
1454,0,8,8,100
1489,0,0,3,100
1823,0,11,8,200
1581,1,9,4,100
1672,1,1,8,100
1283,1,0,4,300
630,0,9,8,0
659,0,0,8,300
1811,1,0,6,0
688,1,9,5,100
514,1,5,2,0
1933,0,1,3,0
915,0,8,3,0
1006,0,4,4,0
1134,1,2,4,300
599,1,0,8,200
973,0,5,5,100
1180,1,0,6,0
1237,1,7,4,200
659,0,7,8,100
1142,1,6,8,0
1002,0,16,6,0
1392,0,0,4,100
602,0,9,8,200
1249,1,3,3,0
531,1,0,4,100
1450,0,1,5,100
1342,0,1,1,200
832,1,5,1,100
867,1,0,4,100
1404,0,16,1,100
840,0,6,6,200
1368,0,10,1,100
1927,0,3,8,300
1714,0,7,2,300
1201,1,1,6,0
1796,1,4,2,300
1147,0,11,6,200
776,1,0,4,0
510,0,0,6,100
1045,1,3,6,200
1497,1,4,8,300
1425,1,0,3,300
726,0,0,4,0
1576,1,0,3,100
714,1,5,3,100
1595,0,1,1,100
541,0,0,4,100
1617,1,14,6,300
1154,0,2,1,100
1638,0,6,1,200
1150,1,0,8,0
1254,1,0,1,200
1806,1,2,1,300
603,0,8,6,100
1834,0,7,4,300
520,0,0,6,100
565,0,1,2,100
1689,1,11,5,200
742,1,0,8,0
1143,0,1,3,100
761,1,9,7,200
959,1,0,5,300
772,1,7,7,0
1015,1,5,3,100
1824,1,9,1,300
1130,1,1,1,0
1183,1,3,8,0
574,1,0,6,0
1472,0,4,2,0
1868,1,2,8,0
1375,0,2,6,300
881,0,1,3,100
1742,1,5,3,200
1225,0,6,2,200
1970,1,0,2,200
1186,1,2,8,100
1762,0,7,4,100
1731,1,4,6,300
852,0,5,5,0
848,1,4,4,100
1575,0,0,7,200
1554,0,7,6,200
1972,1,0,8,300
827,1,9,6,100
1063,0,7,4,100
1695,0,1,5,300
1343,0,5,8,0
834,0,2,1,100
595,0,0,2,0
1081,1,13,7,100
911,0,3,4,300
844,0,1,7,300
1335,1,3,2,300
1883,0,9,1,300
1128,1,6,8,100
826,1,14,2,100
1650,0,0,1,0
1162,0,0,4,100
1517,0,2,4,200
963,0,1,3,200
1837,0,5,8,300
1028,1,1,1,100
1831,1,4,8,100
571,1,5,6,0
1770,1,0,6,300
970,1,5,7,300
642,1,0,5,0
622,1,12,8,200
600,1,9,2,200
1412,0,9,3,100
733,0,7,4,200
1070,1,9,7,200
875,1,1,8,0
1994,1,5,2,200
823,0,9,5,300
1908,0,9,2,300
790,0,7,8,300
1330,1,1,1,200
1660,0,2,8,200
1776,0,2,6,300
1611,0,4,1,200
1410,1,0,3,200
1772,1,17,2,100
1280,1,0,7,100
1712,1,2,7,100
1562,1,0,8,200
891,0,1,6,0
1957,0,18,2,100
1110,0,1,5,0
875,1,1,8,300
1211,1,0,2,200
769,0,12,4,0
671,0,7,6,200
1872,0,5,4,200
1076,0,0,5,200
1325,0,2,1,200
911,1,1,2,100
1273,1,1,6,0
1062,0,3,4,0
1317,0,6,2,0
940,0,0,4,100
729,1,0,6,200
1494,0,6,7,100
1546,1,2,2,0
1253,0,0,4,300
895,0,6,8,200
793,1,0,8,0
1628,1,11,2,300
625,0,2,8,200
1110,0,2,8,0
999,0,6,1,100
1856,0,0,5,200
1715,0,9,6,100
1897,1,2,2,0
1202,1,0,2,0
1171,1,2,7,0
964,0,0,8,200
1973,1,6,4,0
1992,1,11,1,300
546,1,5,5,100
1093,0,1,2,100
1880,1,11,4,200
1765,0,3,2,300
1640,0,1,8,300
1830,0,0,6,200
826,0,3,4,100
1864,0,0,1,200
586,1,16,7,100
1206,0,10,3,200
832,1,1,5,300
848,1,1,7,0
1851,0,0,6,200
1166,1,7,1,300
1776,1,10,4,100
1254,1,2,2,0
1494,0,4,1,300
984,1,0,8,100
1179,1,1,5,0
513,0,8,8,200
557,0,3,6,100
744,0,0,4,200
1129,1,9,2,100
1148,0,0,5,200
1793,0,12,5,300
1310,0,3,5,200
1604,0,1,6,300
1676,0,2,1,200
1001,0,1,3,300
1086,0,0,8,300
1986,1,7,7,300
634,1,5,1,300
502,0,7,6,200
1641,0,6,8,200
623,0,0,3,200
962,1,3,8,300
1057,1,3,4,100
1862,0,1,1,100
555,1,5,2,100
1000,0,1,5,0
841,0,6,5,0
865,0,5,4,300
999,0,11,4,200
1232,0,12,6,100
1194,0,6,2,0
612,1,1,8,300
1362,1,0,6,300
1469,0,11,2,100
986,1,13,4,0
1843,0,1,3,300
1561,0,10,2,200
1695,1,2,5,100
667,0,3,1,200
1768,1,0,7,300
1269,1,16,8,200
1109,1,6,1,200
936,0,14,3,300
1713,1,9,6,100
1175,1,1,2,100
1940,1,0,4,100
855,1,2,2,100
771,1,0,3,0
645,0,10,4,200
1307,0,2,7,100
1948,0,4,1,0
1509,0,5,4,100
626,1,3,2,0
1190,0,0,5,300
1727,1,10,6,0
1670,1,14,8,300
1150,1,4,1,100
1208,0,5,1,100
1812,1,4,7,300
770,1,6,4,300
1559,1,10,8,100
1902,0,10,4,100
1751,0,1,8,100
1416,1,0,4,300
1288,0,3,6,200
1003,1,16,8,100
1715,1,1,6,300
1967,0,0,1,100
962,0,14,1,100
1487,0,5,2,200
1569,1,4,4,300
1146,0,5,5,0
1379,1,6,8,100
1504,0,7,4,100
1945,0,3,6,300
1630,1,0,6,200
1125,1,10,1,100
614,1,4,7,200
854,0,5,4,200
1470,1,6,1,300
1826,1,5,8,200
807,1,0,4,100
1996,1,0,5,100
1083,1,3,5,100
1035,0,14,2,300
1521,1,5,1,300
1314,1,13,4,300
535,0,5,8,0
673,1,13,6,300
1219,0,5,6,200
1606,1,0,5,300
1603,1,1,2,100
1958,0,6,1,300
695,0,18,2,200
1441,0,0,1,100
1470,0,4,7,200
1890,0,4,4,300
1152,1,0,2,300
1619,1,3,6,0
1002,1,1,7,0
742,1,0,3,0
1306,1,2,3,200
1424,1,0,5,200
942,0,8,4,0
1934,1,8,4,200
1290,1,19,4,0
930,0,0,1,200
1699,1,16,4,100
1849,1,1,7,300
1922,0,15,8,300
548,0,0,4,0
916,1,0,4,100
1783,1,8,8,200
1083,1,2,5,0
1698,0,10,8,200
1969,0,5,8,0
869,0,0,7,200
1337,1,0,4,200
637,1,2,4,200
833,1,0,4,0
1248,0,6,3,200
1174,1,7,4,0
1831,1,3,7,200
1002,0,7,1,0
1010,1,2,5,200
1117,1,2,2,100
990,1,3,2,200
1564,0,5,6,300
1065,0,0,5,100
1982,0,12,7,300
1607,0,6,2,0
1066,0,6,5,0
681,0,12,5,200
1163,1,0,2,200
1285,0,4,5,300
753,1,11,8,300
1779,1,2,1,100
987,1,4,3,200
511,0,15,3,100
1044,0,4,6,100
1855,0,5,8,300
946,1,9,6,0
657,1,2,8,0
1673,1,2,5,200
731,1,0,8,100
926,1,6,7,0
1261,0,3,2,100
618,0,11,3,200
936,1,5,2,100
1485,1,0,5,300
1339,1,10,4,0
508,1,1,5,100
1938,1,5,2,300
995,0,1,4,0
1086,1,0,6,200
1322,0,1,1,300
1864,0,2,6,300
1944,1,1,4,200
581,0,5,2,0
1020,1,3,4,300
1936,0,2,3,100
1329,1,5,8,100
808,1,3,8,0
994,0,4,2,200
1811,1,3,2,200
765,1,3,8,200
993,1,0,7,0
1136,1,15,6,300
719,1,0,6,300
733,1,0,7,0
1946,0,8,8,300
1230,1,0,7,200
1577,0,0,3,300
1514,1,3,3,0
579,1,3,8,200
574,1,1,2,0
1072,1,6,8,200
843,0,1,7,100
1492,1,5,3,300
1807,1,0,3,300
909,1,7,3,0
1876,0,9,3,300
1436,1,3,5,200
1251,0,10,6,0
636,0,8,2,200
1354,1,3,4,100
930,1,3,4,200
1830,1,7,1,300
1424,0,16,4,100
583,1,1,8,100
648,1,9,5,300
1203,1,0,2,0
1777,0,0,4,100
1299,1,0,6,100
1494,0,2,2,300
527,0,4,1,0
793,1,1,4,100
873,1,6,7,0
722,0,12,6,100
1250,1,14,5,200
1358,0,0,3,0
1035,1,8,6,100
1289,0,3,6,300
1445,0,2,2,300
1702,1,12,2,100
534,0,4,5,200
628,1,5,6,100
713,0,4,1,0
1207,0,0,8,0
683,1,7,7,100
594,1,1,5,0
537,1,1,7,100
1565,1,0,5,0
1052,0,1,4,0
713,0,4,2,100
1766,1,1,5,300
584,1,1,4,300
1541,1,6,4,100
837,0,1,5,0
935,1,3,5,200
665,1,0,5,0
680,1,13,2,300
877,0,0,7,100
1493,0,13,5,200
1762,0,3,6,200
842,1,4,3,100
925,1,9,1,200
1692,0,4,1,300
1576,1,8,3,300
1065,0,4,6,0
958,1,9,1,0
623,1,6,7,100
897,0,1,1,200
1110,0,4,3,200
616,1,3,7,200
1680,1,6,4,100
1715,0,0,8,200
983,0,0,4,100
720,1,12,4,0
1660,0,2,2,200
1564,0,1,2,300
592,0,1,7,0
969,0,2,3,0
1356,1,0,1,300
504,1,8,7,0
1546,1,3,1,300
689,0,3,2,0
1685,0,14,7,0
1792,1,3,7,300
1786,0,11,3,300
1944,0,9,7,0
1077,1,13,4,300
648,1,1,4,0
1702,1,8,6,0
1571,0,1,7,0
856,1,14,6,0
1786,0,6,4,300
914,1,1,5,300
1615,1,3,1,200
649,1,4,7,0
1646,0,3,2,0
1189,1,5,2,0
1043,0,3,8,0
1920,0,3,3,300
1220,1,1,7,0
1748,1,11,4,200
907,1,7,3,300
1193,1,7,7,200
1766,1,1,8,300
1278,1,7,3,300
1234,0,8,6,200
1961,1,10,7,300
1745,0,0,3,100
1442,0,1,5,0
1083,1,1,8,200
868,1,5,4,0
864,0,0,6,0
1142,1,0,6,100
608,1,0,4,100
983,0,0,1,100
1720,0,18,5,200
1802,1,8,5,200
591,0,18,7,0
1205,1,5,6,0
1369,1,3,1,300
713,0,0,1,0
1082,0,11,4,100
1719,1,0,3,200
1544,0,18,7,0
1090,1,1,8,300
1991,0,3,1,100
1367,0,4,2,0
1179,1,7,2,0
721,1,1,5,300
1549,1,0,4,0
1349,1,3,6,100
1799,0,1,3,0
1075,0,2,1,300
684,1,3,5,300
1837,0,9,4,0
1619,1,2,1,100
965,1,1,8,200
730,0,9,4,200
1361,1,1,5,200
1494,0,3,5,300
1027,1,7,7,0
1807,0,0,8,100
709,0,1,5,300
689,0,2,5,300
955,1,2,4,100
1872,1,5,3,300
1259,0,0,2,0
695,0,1,8,100
1969,0,9,4,0
759,0,3,2,0
936,0,1,3,200
1176,1,2,2,100
1802,0,0,7,0
772,0,0,7,200
1318,1,1,2,0
591,1,1,6,300
569,1,0,1,100
764,0,9,8,0
1056,1,8,3,200
1982,1,2,5,100
1830,1,5,6,200
1122,0,0,7,100
1023,1,2,7,300
1283,1,8,3,0
1602,0,0,7,200
732,1,5,8,300
1854,0,0,1,100
718,1,1,3,100
897,1,3,8,100
1405,0,0,4,200
798,0,6,2,100
1035,1,1,5,300
1396,1,0,4,200
1749,1,7,1,200
1588,1,12,5,200
1600,0,1,4,200
1522,0,4,6,300
1279,1,5,6,100
719,0,7,6,0
544,1,2,5,0
1007,1,5,8,0
590,1,0,6,0
1788,0,0,6,200
748,0,0,7,100
757,1,4,7,200
1561,1,1,3,100
1327,0,10,7,0
797,1,4,8,100
727,1,0,1,300
686,1,0,4,0
1515,1,4,5,300
555,1,2,5,0
1589,0,0,5,300
1976,1,6,4,300
1884,0,3,6,100
1063,0,0,6,200
672,1,13,5,0
635,1,9,7,200
1906,1,3,3,100
1753,0,4,4,100
659,0,2,8,0
1583,0,0,2,200
1783,0,2,6,100
1667,0,0,2,0
640,0,5,8,200
1913,1,0,5,200
538,0,0,7,100
1191,0,6,6,0
816,0,2,1,300
915,1,9,2,100
1157,1,7,8,300
1201,1,2,7,0
1379,0,1,2,200
1483,1,3,5,100
1614,0,1,3,100
930,1,4,8,100
1454,0,8,3,100
1784,0,4,6,200
1262,0,12,5,200
797,0,0,7,100
1829,1,8,5,300
1139,1,6,2,100
618,1,9,4,0
1547,1,2,1,100
586,0,2,3,100
1617,1,8,1,0
1882,0,11,8,300
674,1,1,3,0
1467,1,0,5,300
858,0,1,1,300
794,1,0,6,0
1965,1,0,4,200
1911,0,1,8,300
1512,0,4,5,0
510,1,5,6,300